geo,position,title,startedAt,searchVolume,growthPercent
US,1,argentina vs burkina faso,2026-10-03T23:00:00.000Z,200000,1000
US,2,lucki,2026-10-04T00:40:00.000Z,100000,1000
US,3,ohio state vs iowa,2026-10-03T13:10:00.000Z,500000,1000
US,4,estados unidos - méxico,2026-10-04T01:10:00.000Z,200000,1000
US,5,padres vs brewers,2026-10-03T22:50:00.000Z,200000,1000
US,6,braves vs dodgers,2026-10-03T17:00:00.000Z,500000,1000
US,7,mcneese state vs lsu,2026-10-03T22:50:00.000Z,100000,1000
US,8,spain vs czechia,2026-10-03T17:50:00.000Z,200000,1000
US,9,miami fl vs clemson,2026-10-03T22:30:00.000Z,100000,1000
US,10,yankees vs rays,2026-10-03T21:30:00.000Z,200000,1000
US,11,michigan vs minnesota,2026-10-03T14:50:00.000Z,500000,1000
US,12,arkansas vs texas a&m,2026-10-03T22:00:00.000Z,100000,1000
US,13,nba,2026-10-03T15:50:00.000Z,100000,100
US,14,texas tech vs colorado,2026-10-03T22:30:00.000Z,100000,1000
US,15,auburn vs tennessee,2026-10-03T13:50:00.000Z,200000,1000
US,16,florida vs missouri,2026-10-03T18:30:00.000Z,200000,1000
US,17,baylor vs arizona state,2026-10-04T01:40:00.000Z,50000,1000
US,18,disneyland paris turns away visitors,2026-10-04T00:40:00.000Z,20000,1000
US,19,dakota johnson,2026-10-04T03:30:00.000Z,50000,700
US,20,indiana vs rutgers,2026-10-03T23:00:00.000Z,100000,1000
GB,1,croatia vs england,2026-10-03T14:30:00.000Z,1000000,1000
GB,2,kevin adams,2026-10-03T20:20:00.000Z,20000,1000
GB,3,argentina vs burkina faso,2026-10-03T23:00:00.000Z,20000,1000
GB,4,spain vs czechia,2026-10-03T17:50:00.000Z,100000,1000
GB,5,ben whittaker,2026-10-03T08:40:00.000Z,20000,1000
GB,6,north macedonia vs scotland,2026-10-03T17:50:00.000Z,100000,1000
GB,7,india vs west indies,2026-10-03T07:40:00.000Z,50000,1000
GB,8,ufc,2026-10-03T23:40:00.000Z,20000,75
GB,9,lake district temporary campsite regulations,2026-10-03T11:30:00.000Z,5000,600
GB,10,polymarket hsbc,2026-10-03T13:50:00.000Z,20000,900
GB,11,anton du beke,2026-10-03T16:40:00.000Z,5000,500
GB,12,heimir hallgrimsson republic of ireland israel,2026-10-03T15:40:00.000Z,5000,1000
GB,13,strictly come dancing week 2,2026-10-03T06:30:00.000Z,50000,1000
GB,14,usa vs mexico,2026-10-04T01:40:00.000Z,2000,1000
GB,15,guardiola watches manchester city psg,2026-10-03T17:40:00.000Z,2000,700
GB,16,wakefield trinity,2026-10-03T15:50:00.000Z,20000,1000
GB,17,disneyland paris,2026-10-03T17:20:00.000Z,5000,200
GB,18,runescape 4,2026-10-03T20:10:00.000Z,5000,900
GB,19,british airways,2026-10-03T22:50:00.000Z,2000,100
GB,20,payton talbott,2026-10-03T22:40:00.000Z,2000,700
DE,1,lungenpest russland,2026-10-03T09:30:00.000Z,100000,1000
DE,2,kroatien – england,2026-10-03T15:10:00.000Z,100000,1000
DE,3,sozialsystem,2026-10-03T16:20:00.000Z,20000,1000
DE,4,spanien – tschechien,2026-10-03T17:50:00.000Z,50000,1000
DE,5,nachricht,2026-10-03T12:10:00.000Z,50000,1000
DE,6,kathleen turner,2026-10-03T10:10:00.000Z,20000,1000
DE,7,unfall,2026-10-03T11:20:00.000Z,50000,600
DE,8,thomas müller freundin,2026-10-03T08:10:00.000Z,50000,1000
DE,9,elke wollants,2026-10-03T17:50:00.000Z,10000,1000
DE,10,oliver pocher,2026-10-03T12:40:00.000Z,20000,1000
DE,11,charlène von monaco,2026-10-03T14:40:00.000Z,10000,1000
DE,12,moldau,2026-10-03T15:40:00.000Z,20000,1000
DE,13,bidirektionales laden,2026-10-03T13:00:00.000Z,10000,1000
DE,14,rhodos blitz,2026-10-03T12:00:00.000Z,10000,1000
DE,15,ulm,2026-10-03T17:30:00.000Z,10000,1000
DE,16,chip,2026-10-03T20:30:00.000Z,5000,1000
DE,17,hendrik wüst,2026-10-03T14:20:00.000Z,10000,1000
DE,18,bad schandau,2026-10-03T18:00:00.000Z,10000,1000
DE,19,partnerschaft,2026-10-03T16:50:00.000Z,10000,1000
DE,20,kleinflugzeug bermuda,2026-10-04T00:30:00.000Z,5000,1000
IN,1,argentina vs burkina faso,2026-10-03T23:00:00.000Z,200000,1000
IN,2,croatia vs england,2026-10-03T15:10:00.000Z,200000,1000
IN,3,spain vs czechia,2026-10-03T17:50:00.000Z,200000,1000
IN,4,anshul kamboj,2026-10-03T08:00:00.000Z,1000000,1000
IN,5,india vs west indies,2026-10-03T08:00:00.000Z,2000000,1000
IN,6,भारत बनाम वेस्टइंडीज,2026-10-03T08:00:00.000Z,100000,1000
IN,7,india vs brazil football match,2026-10-03T11:50:00.000Z,200000,1000
IN,8,mad sandhu,2026-10-03T14:20:00.000Z,20000,1000
IN,9,sanjay dutt,2026-10-03T16:10:00.000Z,20000,1000
IN,10,usa vs mexico,2026-10-04T01:10:00.000Z,10000,1000
IN,11,world championship of legends,2026-10-03T12:30:00.000Z,20000,700
IN,12,drishyam 3 box office collection,2026-10-03T13:20:00.000Z,10000,700
IN,13,flydubai flight tracker,2026-10-03T06:50:00.000Z,10000,900
IN,14,devara chuttamalle song,2026-10-04T00:20:00.000Z,20000,1000
IN,15,युवराज सिंह,2026-10-03T17:30:00.000Z,10000,1000
IN,16,honda elevate facelift october launch,2026-10-04T00:40:00.000Z,5000,1000
IN,17,asian games india pakistan cricket match,2026-10-03T07:10:00.000Z,50000,800
IN,18,एसएससी जीडी कॉन्स्टेबल परीक्षा,2026-10-03T12:50:00.000Z,5000,700
IN,19,rachita ram,2026-10-04T00:50:00.000Z,2000,600
IN,20,carlos alcaraz,2026-10-04T04:30:00.000Z,2000,1000
